{"cameraMode":{"drawMode":0,"name":"Shaded","section":"Shading Mode"},"sceneLighting":true,"audioPlay":false,"sceneViewState":{"showFog":true,"showMaterialUpdate":false,"showSkybox":true,"showFlares":true,"showImageEffects":true,"showParticleSystems":true},"in2DMode":false,"pivot":{"x":5.186228275299072,"y":-0.7029597163200378,"z":0.3422423303127289},"rotation":{"x":0.06355630606412888,"y":0.6378059983253479,"z":-0.05293764919042587,"w":0.7657455801963806},"size":10.0,"orthographic":false}